,Step,H_nhc,H_nhc1,H_nhc2
0,0,-6474.83301,0.0,0.0
300,18000,-6474.80664,185.184906,25.111110699999998
600,36000,-6475.0673799999995,387.57080099999996,-199.04046599999998
900,54000,-6474.896,255.355911,-43.541671799999996
1200,72000,-6475.10498,421.362305,-216.769516
1500,90000,-6474.71289,22.0480728,107.896721
1800,108000,-6474.82715,-60.7055969,70.7929688
2100,126000,-6474.66406,-91.0242615,302.161652
2400,144000,-6474.89551,214.864792,-12.173415199999999
2700,162000,-6475.17578,398.444946,-299.04098500000003
3000,180000,-6474.85156,110.10302,88.1910324
3300,198000,-6474.6167,-225.772858,361.465698
3600,216000,-6474.771970000001,-108.33578500000002,223.50617999999997
3900,234000,-6474.72314,-195.835266,260.90472400000004
4200,252000,-6474.740720000001,-44.286808,193.437698
4500,270000,-6474.8833,139.61369299999998,4.847785
4800,288000,-6474.73682,30.713441800000002,75.07040409999999
5100,306000,-6474.55811,-132.99179099999998,353.694183
5400,324000,-6474.66406,-238.47135899999998,336.17984
5700,342000,-6474.72021,2.25155067,159.549149
6000,360000,-6474.67725,-56.961193099999996,281.837769
6300,378000,-6474.80176,70.9637985,106.19310800000001
6600,396000,-6474.944820000001,69.0790482,25.4854355
6900,414000,-6474.916020000001,6.06856966,125.16790800000001
7200,432000,-6474.72656,-97.0387192,238.31660499999998
7500,450000,-6474.93652,58.6989899,56.557064100000005
7800,468000,-6474.68213,-292.315948,361.935394
8100,486000,-6474.5791,-303.890015,337.401245
8400,504000,-6474.23145,-600.0994870000001,800.728577
8700,522000,-6474.46289,-621.455994,726.5401
9000,540000,-6474.322270000001,-618.458435,798.113525
9300,558000,-6474.64844,-253.607864,387.740326
9600,576000,-6474.2334,-744.738586,900.187378
9900,594000,-6474.12158,-711.050171,928.528992
10200,612000,-6474.22705,-832.000183,942.4925539999999
10500,630000,-6474.19971,-727.460388,836.726135
10800,648000,-6474.23242,-681.595337,785.212891
11100,666000,-6474.2373,-765.546448,830.7634889999999
11400,684000,-6473.87305,-1107.9502,1273.44751
11700,702000,-6473.80371,-1307.50476,1407.86865
12000,720000,-6473.773929999999,-1409.15515,1477.32935
12300,738000,-6473.76562,-1223.14478,1371.5824
12600,756000,-6473.56934,-1608.03088,1733.15942
12900,774000,-6473.23242,-1915.3923300000001,2016.86975
13200,792000,-6473.25879,-1898.47095,2056.62183
13500,810000,-6472.8916,-2251.79688,2435.37769
13800,828000,-6472.79541,-2272.17896,2437.11182
14100,846000,-6473.10205,-1999.41052,2222.0585899999996
14400,864000,-6473.15186,-1972.5556600000002,2049.46802
14700,882000,-6473.3374,-1806.5800800000002,2005.8808600000002
15000,900000,-6473.57666,-1528.13477,1627.92371
300,918000,-6473.4292,-1565.80725,1694.0336899999998
600,936000,-6473.54443,-1563.9777800000002,1722.9772899999998
900,954000,-6473.10547,-1926.65674,2123.34937
1200,972000,-6473.32715,-1851.33728,1962.39038
1500,990000,-6473.35938,-2023.2127699999999,2041.8494899999998
1800,1008000,-6473.437010000001,-1807.23877,1921.8013899999999
2100,1026000,-6473.32715,-1987.4158899999998,2119.03955
2400,1044000,-6472.8916,-2462.4641100000003,2549.3413100000002
2700,1062000,-6472.93896,-2373.60645,2487.7439
3000,1080000,-6472.913570000001,-2465.46997,2506.7851600000004
3300,1098000,-6472.5473600000005,-2926.2146,2969.5588399999997
3600,1116000,-6472.44141,-2920.34082,3137.63062
3900,1134000,-6472.29395,-3228.8278800000003,3304.93677
4200,1152000,-6472.2876,-3061.04761,3224.61108
4500,1170000,-6472.23291,-3181.5961899999998,3333.49292
4800,1188000,-6472.04688,-3561.8857399999997,3688.4260299999996
5100,1206000,-6471.81885,-3640.50732,3751.7690399999997
5400,1224000,-6471.729,-3713.96826,3909.5769
5700,1242000,-6471.4668,-4056.3186,4267.28027
6000,1260000,-6471.67676,-3910.40479,4028.27905
6300,1278000,-6471.2861299999995,-4111.86963,4385.98877
6600,1296000,-6471.49707,-4207.87939,4268.59521
6900,1314000,-6471.71094,-3906.6076700000003,4050.8291
7200,1332000,-6471.61816,-3999.32129,4089.8322799999996
7500,1350000,-6471.68457,-3912.4108899999997,4025.82837
7800,1368000,-6471.68994,-3927.15503,4048.5625
8100,1386000,-6471.459470000001,-4110.65039,4218.03662
8400,1404000,-6471.4585,-4103.99365,4253.35791
8700,1422000,-6471.5463899999995,-4121.18408,4264.51025
9000,1440000,-6471.27734,-4467.59229,4569.13623
9300,1458000,-6471.16455,-4661.61182,4755.98584
9600,1476000,-6471.06396,-4555.22412,4813.33203
9900,1494000,-6471.15186,-4548.38916,4712.78418
10200,1512000,-6471.343260000001,-4370.8418,4482.5918
10500,1530000,-6471.2627,-4399.60938,4481.240720000001
10800,1548000,-6471.07715,-4555.50293,4769.78516
11100,1566000,-6471.01904,-4685.24854,4789.66406
11400,1584000,-6471.163570000001,-4530.8501,4629.9458
11700,1602000,-6470.85498,-4889.02539,5031.24365
12000,1620000,-6470.54395,-5200.73291,5370.26221
12300,1638000,-6470.4423799999995,-5552.40918,5595.59033
12600,1656000,-6470.4951200000005,-5479.35547,5580.15234
12900,1674000,-6470.39941,-5495.2338899999995,5606.18896
13200,1692000,-6470.56592,-5233.56885,5310.62354
13500,1710000,-6471.062010000001,-4785.56152,4973.98096
13800,1728000,-6470.94092,-4653.18945,4788.5708
14100,1746000,-6471.01318,-4707.05811,4829.553220000001
14400,1764000,-6470.94434,-4877.06445,4999.20068
14700,1782000,-6470.90625,-4715.12744,4924.65332
15000,1800000,-6471.0459,-4727.59473,4849.44873
15300,1818000,-6471.0151399999995,-4723.7236299999995,4896.67871
15600,1836000,-6470.990229999999,-4666.12109,4807.39062
15900,1854000,-6470.96582,-4813.50879,4953.430179999999
16200,1872000,-6471.06689,-4591.242679999999,4775.16455
16500,1890000,-6470.68359,-5107.55029,5227.90283
16800,1908000,-6470.75342,-4975.93848,5117.163570000001
17100,1926000,-6470.87158,-4906.46729,4971.55664
17400,1944000,-6470.479,-5349.0161100000005,5544.83984
17700,1962000,-6470.5415,-5399.65967,5490.02539
18000,1980000,-6470.5542,-5110.7041,5297.27344
18300,1998000,-6470.42725,-5368.11133,5556.7627
18600,2016000,-6470.50879,-5317.84717,5445.12207
18900,2034000,-6470.4209,-5407.76807,5585.51025
19200,2052000,-6470.271970000001,-5676.78418,5763.1748
19500,2070000,-6469.91797,-6035.83838,6166.40332
19800,2088000,-6469.95801,-5940.85254,6111.12695
20100,2106000,-6470.00195,-6053.74902,6215.56396
20400,2124000,-6469.86865,-6146.62109,6410.31348
20700,2142000,-6469.57959,-6477.20801,6623.2002
21000,2160000,-6469.749510000001,-6242.33252,6409.69824
21300,2178000,-6469.687989999999,-6393.398929999999,6595.44531
21600,2196000,-6469.65283,-6335.594239999999,6443.3335
21900,2214000,-6469.6665,-6424.32715,6565.0473600000005
22200,2232000,-6469.2085,-6807.277340000001,6997.615229999999
22500,2250000,-6469.30664,-6913.64453,7022.6543
22800,2268000,-6468.9873,-7167.6958,7419.928220000001
23100,2286000,-6469.1713899999995,-6981.020509999999,7127.398440000001
23400,2304000,-6469.30469,-6982.98047,7063.058109999999
23700,2322000,-6469.16309,-7016.67334,7201.6201200000005
24000,2340000,-6469.06494,-6956.17139,7252.223140000001
24300,2358000,-6469.146479999999,-7139.56299,7206.449709999999
24600,2376000,-6469.071779999999,-7236.54443,7315.25244
24900,2394000,-6468.976070000001,-7236.36328,7446.92236
25200,2412000,-6468.85449,-7375.38916,7499.37305
25500,2430000,-6468.83936,-7416.135740000001,7590.70508
25800,2448000,-6468.821779999999,-7382.2085,7606.603029999999
26100,2466000,-6468.67188,-7669.43555,7833.90967
26400,2484000,-6468.73047,-7684.9917,7795.4668
26700,2502000,-6468.62402,-7699.08008,7859.899409999999
27000,2520000,-6468.62158,-7682.39014,7797.14062
27300,2538000,-6468.26709,-8141.9389599999995,8283.34961
27600,2556000,-6468.41846,-8061.02832,8247.313479999999
27900,2574000,-6468.40967,-7938.29736,8122.14307
28200,2592000,-6468.20703,-8225.686520000001,8381.42578
28500,2610000,-6468.32617,-7947.10742,8178.28223
28800,2628000,-6468.430179999999,-7897.25635,8035.18701
29100,2646000,-6468.36084,-8105.446290000001,8179.04785
29400,2664000,-6468.16748,-8350.08008,8491.36914
29700,2682000,-6468.0463899999995,-8485.44238,8590.48145
30000,2700000,-6468.15625,-8135.913570000001,8435.83594
30300,2718000,-6468.11035,-8447.39355,8484.94043
30600,2736000,-6467.7251,-8847.23145,8865.43164
30900,2754000,-6467.83252,-8660.0752,8871.0293
31200,2772000,-6467.52344,-9116.9375,9253.29297
31500,2790000,-6467.7627,-8993.42773,9121.9248
31800,2808000,-6467.64795,-8909.28809,9050.82227
32100,2826000,-6467.81494,-8698.19824,8836.10547
32400,2844000,-6467.88574,-8580.15625,8705.35059
32700,2862000,-6467.927729999999,-8563.02344,8720.20996
33000,2880000,-6467.8125,-8682.40332,8870.51465
33300,2898000,-6467.468260000001,-9092.32324,9282.57227
33600,2916000,-6467.73242,-8869.19922,8998.29395
33900,2934000,-6468.06006,-8500.092770000001,8593.08398
34200,2952000,-6467.874510000001,-8713.8457,8767.33496
34500,2970000,-6467.94629,-8612.31738,8702.17383
34800,2988000,-6467.72021,-8800.53906,8939.83984
35100,3006000,-6467.86279,-8606.46875,8783.91309
35400,3024000,-6468.03271,-8591.60156,8654.02637
35700,3042000,-6468.0048799999995,-8576.77246,8765.49121
36000,3060000,-6467.728520000001,-8731.44629,8948.95117
36300,3078000,-6467.83936,-8697.23926,8852.02734
36600,3096000,-6467.73193,-8828.44238,8988.07617
36900,3114000,-6467.89551,-8612.82715,8765.43555
37200,3132000,-6468.02539,-8533.03125,8671.469729999999
37500,3150000,-6468.007320000001,-8672.05566,8776.57422
37800,3168000,-6468.2832,-8217.42578,8363.69727
38100,3186000,-6468.46338,-8041.99365,8138.81885
38400,3204000,-6468.56934,-8001.98975,8026.521479999999
38700,3222000,-6468.56592,-7976.15527,8079.0673799999995
39000,3240000,-6468.15527,-8297.6377,8427.04004
39300,3258000,-6468.68311,-7802.23486,7873.34668
39600,3276000,-6468.55908,-7669.660159999999,7882.882809999999
39900,3294000,-6468.57422,-7680.211429999999,7839.385740000001
40200,3312000,-6468.82959,-7524.50293,7661.13672
40500,3330000,-6468.94385,-7339.74707,7461.665529999999
40800,3348000,-6468.7451200000005,-7410.9624,7635.38818
41100,3366000,-6468.69971,-7656.8374,7756.44385
41400,3384000,-6468.82812,-7542.89307,7694.22217
41700,3402000,-6468.62695,-7873.76318,8001.37207
42000,3420000,-6468.854,-7352.49463,7566.4834
42300,3438000,-6468.58008,-7765.2827099999995,7881.13672
42600,3456000,-6468.55908,-7886.041020000001,8029.49463
42900,3474000,-6468.55127,-7809.16943,8031.31445
43200,3492000,-6468.51172,-7742.678220000001,7962.757320000001
43500,3510000,-6468.398929999999,-7860.836909999999,8069.3486299999995
43800,3528000,-6468.490229999999,-7961.54443,8039.34668
44100,3546000,-6468.42285,-7938.20459,8145.68213
44400,3564000,-6468.61182,-7938.4423799999995,7935.320309999999
44700,3582000,-6468.75342,-7682.98193,7811.133790000001
45000,3600000,-6468.625489999999,-7748.95703,7877.55957
45300,3618000,-6468.51416,-7829.39453,8059.09619
45600,3636000,-6468.52832,-7819.882320000001,8089.7514599999995
45900,3654000,-6468.30859,-8097.29541,8293.44629
46200,3672000,-6468.42529,-8143.53662,8229.76172
46500,3690000,-6468.3252,-8387.67773,8444.96289
46800,3708000,-6468.33691,-8040.760740000001,8135.75537
47100,3726000,-6468.33154,-8098.03955,8218.88184
47400,3744000,-6468.50293,-7976.33545,8044.322270000001
47700,3762000,-6468.0874,-8300.0293,8459.33984
48000,3780000,-6467.78662,-8931.469729999999,9065.342770000001
48300,3798000,-6467.79688,-8785.71387,8973.14258
48600,3816000,-6467.91846,-8799.499020000001,8953.79102
48900,3834000,-6467.24658,-9426.8252,9571.936520000001
49200,3852000,-6466.96094,-9771.842770000001,9935.75195
49500,3870000,-6467.24463,-9492.02539,9608.46582
49800,3888000,-6467.3877,-9156.95703,9311.33496
50100,3906000,-6467.9502,-8745.31641,8791.76172
50400,3924000,-6467.5776399999995,-8986.41504,9167.30176
50700,3942000,-6467.55176,-9030.53125,9163.5957
51000,3960000,-6467.68408,-9136.94434,9218.24023
51300,3978000,-6467.271,-9395.32422,9524.97949
51600,3996000,-6467.23584,-9557.76367,9725.31055
51900,4014000,-6467.45557,-9073.03613,9256.63672
52200,4032000,-6467.35254,-9248.47656,9373.82129
52500,4050000,-6467.726070000001,-8837.67871,8943.51855
52800,4068000,-6467.634279999999,-8746.5,8955.0
53100,4086000,-6467.75879,-8683.69336,8836.08105
53400,4104000,-6467.68604,-8673.155270000001,8886.77832
53700,4122000,-6467.86182,-8775.20996,8781.70215
54000,4140000,-6467.97168,-8524.8623,8673.04785
54300,4158000,-6467.9751,-8510.02832,8659.42578
54600,4176000,-6467.83984,-8610.686520000001,8778.29395
54900,4194000,-6468.05908,-8495.19238,8610.79395
55200,4212000,-6468.146479999999,-8179.181640000001,8371.31055
55500,4230000,-6468.05469,-8500.39355,8598.55176
55800,4248000,-6467.7793,-8710.88672,8872.62988
56100,4266000,-6467.67188,-8943.31641,8999.06738
56400,4284000,-6467.69629,-9016.83398,9050.61035
56700,4302000,-6467.7041,-9071.64648,9113.87109
57000,4320000,-6467.884770000001,-8595.59863,8845.813479999999
57300,4338000,-6467.81445,-8686.96875,8887.37695
57600,4356000,-6467.75439,-8801.41602,8924.9541
57900,4374000,-6467.73584,-8906.67188,9018.30078
58200,4392000,-6467.59521,-8916.72656,9127.84082
58500,4410000,-6467.7338899999995,-8916.66602,9061.54785
58800,4428000,-6467.64453,-8916.04492,9090.94336
59100,4446000,-6467.36475,-9121.41016,9359.39551
59400,4464000,-6467.86328,-8837.74121,8897.41602
59700,4482000,-6467.99609,-8604.70215,8728.58594
60000,4500000,-6467.77344,-8617.66113,8723.59082
60300,4518000,-6468.02686,-8513.5918,8694.22852
60600,4536000,-6467.7338899999995,-8814.24609,8962.967770000001
60900,4554000,-6467.53662,-8981.31445,9186.30859
61200,4572000,-6467.09277,-9329.75684,9583.75293
61500,4590000,-6467.0791,-9489.782229999999,9750.87012
61800,4608000,-6467.15918,-9396.84766,9554.1543
62100,4626000,-6467.0127,-9571.79395,9827.032229999999
62400,4644000,-6466.97412,-9840.44043,9960.58203
62700,4662000,-6467.16895,-9583.05762,9733.36816
63000,4680000,-6466.88916,-9765.59082,10027.542
63300,4698000,-6467.04004,-9683.18262,9788.01855
63600,4716000,-6467.05908,-9615.83594,9734.03613
63900,4734000,-6466.95166,-9856.93262,9964.28516
64200,4752000,-6467.03809,-9675.02734,9855.70703
64500,4770000,-6466.83057,-9927.24512,10138.9941
64800,4788000,-6466.75781,-10079.6484,10186.7686
65100,4806000,-6466.80811,-10053.1885,10189.6113
65400,4824000,-6466.728029999999,-10082.3682,10181.9111
65700,4842000,-6466.87939,-10068.0127,10123.2217
66000,4860000,-6466.76562,-10018.1963,10212.0107
66300,4878000,-6466.78418,-9995.0752,10182.7588
66600,4896000,-6466.803220000001,-10120.6816,10300.9277
66900,4914000,-6466.83008,-10122.2725,10301.5303
67200,4932000,-6466.53955,-10303.085,10474.5664
67500,4950000,-6466.5888700000005,-10343.1162,10452.1045
67800,4968000,-6466.89844,-9959.87207,10086.0596
68100,4986000,-6466.8588899999995,-10072.5195,10155.3369
68400,5004000,-6466.3588899999995,-10619.6553,10780.5723
68700,5022000,-6466.427729999999,-10427.0264,10598.6006
69000,5040000,-6466.18652,-10680.9658,10833.7314
69300,5058000,-6466.15234,-10920.3281,11068.0059
69600,5076000,-6465.97559,-11164.8555,11174.7227
69900,5094000,-6465.87402,-11135.7012,11291.2432
70200,5112000,-6465.87061,-11224.6514,11384.7041
70500,5130000,-6465.82275,-11131.0479,11298.5938
70800,5148000,-6466.211429999999,-10892.8086,10981.4658
71100,5166000,-6466.46631,-10503.7939,10681.9053
71400,5184000,-6466.3501,-10587.9775,10770.2725
71700,5202000,-6466.29297,-10772.2598,10886.3564
72000,5220000,-6466.56055,-10406.1064,10441.1865
72300,5238000,-6466.37842,-10371.3252,10571.4414
72600,5256000,-6466.67383,-10195.6484,10341.4766
72900,5274000,-6466.58057,-10278.2881,10493.377
73200,5292000,-6466.312989999999,-10710.7451,10827.9961
73500,5310000,-6466.03564,-11067.8486,11200.1963
73800,5328000,-6465.85498,-11039.8848,11277.4531
74100,5346000,-6465.84961,-11325.3008,11448.9268
74400,5364000,-6465.906739999999,-11264.7939,11384.6357
74700,5382000,-6465.656739999999,-11504.248,11669.3086
75000,5400000,-6465.68994,-11528.4902,11574.8047
75300,5418000,-6465.60596,-11389.4248,11566.0732
75600,5436000,-6465.35693,-11854.2627,12009.1094
75900,5454000,-6465.3598600000005,-11854.0059,11984.9043
76200,5472000,-6465.40967,-11807.415,12001.8682
76500,5490000,-6465.33105,-11917.3643,12088.1904
76800,5508000,-6465.40332,-11796.0674,11950.5117
77100,5526000,-6465.65332,-11620.6006,11732.4785
77400,5544000,-6465.37598,-11905.043,12110.1631
77700,5562000,-6465.4526399999995,-11747.4453,11883.4551
78000,5580000,-6465.50391,-11608.8096,11764.3574
78300,5598000,-6465.281739999999,-11832.2471,12031.1025
78600,5616000,-6465.58936,-11477.4316,11656.9844
78900,5634000,-6466.03125,-11059.958,11199.2461
79200,5652000,-6465.88623,-11129.1035,11403.001
79500,5670000,-6465.9736299999995,-11085.2031,11249.4932
79800,5688000,-6465.53369,-11638.6699,11739.7764
80100,5706000,-6465.59277,-11612.9102,11725.6982
80400,5724000,-6465.4248,-11769.248,11846.6094
80700,5742000,-6465.61328,-11627.624,11692.3369
81000,5760000,-6465.47266,-11681.6992,11904.5371
81300,5778000,-6465.46045,-11662.3496,11840.7881
81600,5796000,-6465.64844,-11561.1309,11663.6201
81900,5814000,-6465.757320000001,-11423.4033,11567.0146
82200,5832000,-6465.55713,-11494.7949,11654.5693
82500,5850000,-6465.54883,-11526.3721,11732.7412
82800,5868000,-6465.77539,-11354.8438,11514.4775
83100,5886000,-6465.57666,-11702.46,11707.207
83400,5904000,-6465.44434,-11666.2764,11832.8711
83700,5922000,-6465.257320000001,-11815.1855,12033.2783
84000,5940000,-6465.60938,-11580.6973,11750.376
84300,5958000,-6465.27588,-11842.8047,12003.0176
84600,5976000,-6465.50244,-11688.1357,11816.0771
84900,5994000,-6465.4751,-11702.0508,11809.7295
85200,6012000,-6465.562010000001,-11590.7578,11707.3701
85500,6030000,-6465.72217,-11508.2793,11633.1396
85800,6048000,-6465.66211,-11494.7119,11714.0088
86100,6066000,-6465.60059,-11541.8848,11710.084
86400,6084000,-6465.62598,-11379.0684,11588.4512
86700,6102000,-6465.87598,-11253.1289,11398.3477
87000,6120000,-6465.9536100000005,-11246.0977,11356.4639
87300,6138000,-6465.59277,-11508.1377,11638.9082
87600,6156000,-6465.7348600000005,-11402.667,11531.2139
87900,6174000,-6465.47021,-11690.2842,11796.709
88200,6192000,-6465.31592,-11862.8525,12010.373
88500,6210000,-6465.13672,-11944.9619,12208.9248
88800,6228000,-6464.98877,-12306.7666,12402.1104
89100,6246000,-6465.0161100000005,-12338.8984,12360.5889
89400,6264000,-6465.17285,-11906.3818,12079.1816
89700,6282000,-6464.94385,-12347.1729,12492.8301
90000,6300000,-6465.14746,-12188.79,12261.2334
90300,6318000,-6464.9585,-12344.5098,12473.8623
90600,6336000,-6465.04834,-12105.9678,12305.5918
90900,6354000,-6464.90186,-12202.291,12424.6494
91200,6372000,-6464.92578,-12432.6523,12581.1846
91500,6390000,-6464.82275,-12419.8936,12672.0615
91800,6408000,-6464.97021,-12365.2148,12508.4072
92100,6426000,-6464.59619,-12762.8037,12806.9561
92400,6444000,-6464.6416,-12607.1631,12785.1436
92700,6462000,-6464.87646,-12527.7881,12624.4951
93000,6480000,-6464.9326200000005,-12369.96,12496.7754
93300,6498000,-6464.9526399999995,-12326.2305,12435.9678
93600,6516000,-6464.89209,-12455.5625,12542.2744
93900,6534000,-6465.084470000001,-12259.625,12397.6055
94200,6552000,-6464.92676,-12303.0898,12480.8506
94500,6570000,-6465.071779999999,-12208.7285,12381.4512
94800,6588000,-6464.66943,-12643.1475,12795.7412
95100,6606000,-6464.479,-12808.4648,13027.959
95400,6624000,-6464.32324,-12992.8896,13221.9238
95700,6642000,-6464.101070000001,-13213.8799,13349.8086
96000,6660000,-6464.04883,-13436.3408,13513.9082
96300,6678000,-6464.02588,-13480.6416,13623.6152
96600,6696000,-6463.78809,-13687.3154,13871.1943
96900,6714000,-6463.88379,-13475.3594,13728.0586
97200,6732000,-6464.06396,-13479.4473,13581.8174
97500,6750000,-6463.773929999999,-13718.9668,13919.6348
97800,6768000,-6463.66699,-13898.2881,13975.502
98100,6786000,-6463.79199,-13780.2803,13941.3086
98400,6804000,-6463.55029,-14084.4111,14219.8047
98700,6822000,-6463.66504,-13791.46,14019.7861
99000,6840000,-6463.69971,-13810.8604,13984.0703
99300,6858000,-6463.5415,-14037.1582,14155.8975
99600,6876000,-6463.459470000001,-14098.5762,14260.4756
99900,6894000,-6463.56396,-14067.2051,14223.7363
100200,6912000,-6463.74316,-13947.5869,14090.5361
100500,6930000,-6463.428220000001,-14061.0,14226.7461
100800,6948000,-6463.59717,-14062.1709,14195.8516
101100,6966000,-6463.8208,-13661.7734,13837.2383
101400,6984000,-6464.18311,-13328.6084,13464.5928
101700,7002000,-6464.05566,-13347.6416,13602.4951
102000,7020000,-6463.81006,-13685.0283,13824.6289
102300,7038000,-6463.80371,-13641.2275,13806.1348
102600,7056000,-6463.63135,-13764.54,14028.7158
102900,7074000,-6463.5625,-13842.6504,14008.9131
103200,7092000,-6463.4292,-14127.5078,14307.9238
103500,7110000,-6463.322270000001,-14306.8564,14435.7656
103800,7128000,-6463.58203,-13968.7695,14175.25
104100,7146000,-6463.56641,-13875.3223,14104.7344
104400,7164000,-6463.68213,-13969.5957,14078.7051
104700,7182000,-6463.68652,-13802.332,13992.5703
105000,7200000,-6463.781739999999,-13791.458,14043.1963
105300,7218000,-6463.71777,-13672.1357,13884.459
105600,7236000,-6463.9126,-13617.3105,13768.1553
105900,7254000,-6463.48779,-14122.5322,14290.6484
106200,7272000,-6463.36719,-14349.0615,14437.0625
106500,7290000,-6463.38916,-14368.0488,14441.0586
106800,7308000,-6463.35254,-14267.5469,14437.0732
107100,7326000,-6463.18311,-14454.834,14574.0586
107400,7344000,-6462.62646,-15093.3789,15330.9326
107700,7362000,-6462.55957,-15346.5615,15473.5361
108000,7380000,-6462.36865,-15433.6816,15619.3232
108300,7398000,-6462.1401399999995,-15812.5684,16017.3389
108600,7416000,-6461.8286100000005,-16301.1699,16378.4385
108900,7434000,-6461.7763700000005,-16369.2236,16509.8906
109200,7452000,-6461.57959,-16491.5391,16716.6855
109500,7470000,-6461.601070000001,-16371.7354,16593.8613
109800,7488000,-6461.65088,-16445.1191,16595.3145
110100,7506000,-6461.6582,-16282.4219,16484.7715
110400,7524000,-6461.6098600000005,-16394.8242,16550.373
110700,7542000,-6461.66895,-16374.3232,16531.6484
111000,7560000,-6461.6401399999995,-16470.5234,16689.6934
111300,7578000,-6461.41162,-16609.084,16824.1855
111600,7596000,-6461.80127,-16234.084,16387.4629
111900,7614000,-6461.71191,-16204.917,16405.0762
112200,7632000,-6461.57959,-16358.7607,16473.2676
112500,7650000,-6461.44141,-16647.9863,16859.4609
112800,7668000,-6461.353520000001,-16759.8594,16859.2227
113100,7686000,-6461.593260000001,-16442.2051,16626.6426
113400,7704000,-6461.6513700000005,-16704.3945,16760.4434
113700,7722000,-6461.478520000001,-16476.459,16724.7871
114000,7740000,-6461.43896,-16729.209,16845.9922
114300,7758000,-6461.61279,-16496.8281,16690.9824
114600,7776000,-6461.8418,-16235.0234,16421.0078
114900,7794000,-6461.7583,-16213.8164,16428.1133
115200,7812000,-6461.69189,-16294.4736,16463.2871
115500,7830000,-6461.63965,-16522.6953,16579.9258
115800,7848000,-6461.83691,-16229.4531,16398.5449
116100,7866000,-6461.52051,-16537.7441,16756.4492
116400,7884000,-6461.59814,-16378.5557,16550.5547
116700,7902000,-6462.06543,-15814.7324,15995.4199
117000,7920000,-6461.95557,-16054.4375,16188.333
117300,7938000,-6461.757320000001,-16229.1299,16385.2285
117600,7956000,-6461.84277,-16182.1045,16314.5068
117900,7974000,-6462.13574,-15861.7363,16051.2031
118200,7992000,-6461.89258,-16174.3506,16359.6846
118500,8010000,-6461.66992,-16318.9541,16513.3594
118800,8028000,-6461.52051,-16588.4688,16767.5215
119100,8046000,-6461.4209,-16767.6973,16853.6348
119400,8064000,-6461.24121,-16860.502,17036.1758
119700,8082000,-6461.06543,-17215.4668,17339.1367
120000,8100000,-6461.1626,-17159.8496,17250.4707
120300,8118000,-6461.05029,-17200.5586,17319.3652
120600,8136000,-6461.1513700000005,-17180.2188,17258.9336
120900,8154000,-6460.96777,-17382.1836,17512.6309
121200,8172000,-6460.9848600000005,-17288.9141,17423.5137
121500,8190000,-6461.0293,-17247.9883,17396.416
121800,8208000,-6461.3042,-16918.041,17066.5332
122100,8226000,-6461.21777,-17067.1777,17151.5781
122400,8244000,-6461.21729,-16998.0547,17201.2891
122700,8262000,-6461.13574,-17081.6465,17276.207
123000,8280000,-6461.24121,-16869.9844,17044.9277
123300,8298000,-6461.49365,-16710.7539,16821.3281
123600,8316000,-6461.19043,-16941.8945,17166.75
123900,8334000,-6461.24561,-16996.709,17154.291
124200,8352000,-6461.09912,-16987.4961,17193.459
124500,8370000,-6461.0463899999995,-17139.207,17311.9844
124800,8388000,-6460.91211,-17394.623,17590.4805
125100,8406000,-6461.03271,-17092.9941,17270.4707
125400,8424000,-6461.12793,-17174.1055,17262.5801
125700,8442000,-6461.228029999999,-17104.5293,17179.3809
126000,8460000,-6461.51367,-16679.1855,16710.9609
126300,8478000,-6461.66797,-16556.4824,16648.043
126600,8496000,-6461.3833,-16682.8262,16835.8945
126900,8514000,-6461.50684,-16625.0117,16757.8926
127200,8532000,-6461.437989999999,-16782.0605,16942.6738
127500,8550000,-6461.4585,-16691.6641,16760.2676
127800,8568000,-6461.586429999999,-16532.5586,16638.4648
128100,8586000,-6461.62939,-16549.6113,16667.1504
128400,8604000,-6461.67871,-16436.3809,16550.3809
128700,8622000,-6461.76416,-16361.6191,16420.6797
129000,8640000,-6461.961429999999,-16006.2891,16180.0986
129300,8658000,-6461.58252,-16430.3945,16651.582
129600,8676000,-6461.4834,-16613.707,16785.1133
129900,8694000,-6461.374510000001,-16719.2559,16879.3535
130200,8712000,-6461.68311,-16475.5547,16632.8965
130500,8730000,-6461.71973,-16380.9834,16464.5801
130800,8748000,-6462.11084,-16015.0195,16229.5146
131100,8766000,-6461.80029,-16075.4531,16433.3086
131400,8784000,-6461.82129,-16168.7451,16334.3594
131700,8802000,-6462.06006,-16042.042,16197.0508
132000,8820000,-6461.96436,-16150.8623,16350.8477
132300,8838000,-6461.90381,-16037.6611,16241.7461
132600,8856000,-6462.09961,-15918.0938,16018.7158
132900,8874000,-6462.12402,-15931.2705,16084.1318
133200,8892000,-6462.259770000001,-15696.8018,15854.0371
133500,8910000,-6462.1401399999995,-15935.5996,15985.251
133800,8928000,-6461.854,-16123.6025,16372.7627
134100,8946000,-6461.86963,-16113.6816,16266.2656
134400,8964000,-6461.73291,-16240.1895,16445.3887
134700,8982000,-6461.51562,-16485.2109,16679.9277
135000,9000000,-6461.646,-16584.3789,16717.2832
135300,9018000,-6461.7548799999995,-16404.9805,16614.2539
135600,9036000,-6461.74463,-16449.0801,16562.9668
135900,9054000,-6461.64209,-16611.3965,16727.7793
136200,9072000,-6461.59375,-16602.0684,16722.9258
136500,9090000,-6461.5459,-16690.8848,16884.6953
136800,9108000,-6461.31104,-16812.9395,17037.5566
137100,9126000,-6461.14307,-16977.0508,17162.1094
137400,9144000,-6461.36328,-16866.3398,17043.1094
137700,9162000,-6461.3901399999995,-16768.9922,16955.0762
138000,9180000,-6461.61377,-16577.1953,16811.8867
138300,9198000,-6461.75391,-16518.3457,16668.4941
138600,9216000,-6461.91309,-16284.7637,16398.0234
138900,9234000,-6461.56104,-16659.75,16795.9863
139200,9252000,-6461.7236299999995,-16422.4395,16621.166
139500,9270000,-6461.74561,-16543.7988,16642.5215
139800,9288000,-6461.59961,-16607.1289,16717.832
140100,9306000,-6461.490720000001,-16584.4531,16831.3301
140400,9324000,-6461.44092,-16752.5117,16917.2285
140700,9342000,-6461.5048799999995,-16753.4727,16900.709
141000,9360000,-6461.5986299999995,-16544.3125,16711.4746
141300,9378000,-6461.93896,-16339.6064,16511.4688
141600,9396000,-6461.58789,-16422.6641,16671.5684
141900,9414000,-6461.51465,-16631.084,16785.0254
142200,9432000,-6461.48193,-16703.5449,16901.334
142500,9450000,-6461.2876,-17070.9414,17171.8066
142800,9468000,-6460.94873,-17287.7305,17500.9492
143100,9486000,-6460.81445,-17684.125,17764.2988
143400,9504000,-6460.98877,-17433.5039,17606.2988
143700,9522000,-6460.76318,-17689.0977,17822.6934
144000,9540000,-6460.905760000001,-17443.3809,17600.8379
144300,9558000,-6460.88086,-17523.0879,17663.0137
144600,9576000,-6461.249510000001,-17127.0,17292.7441
144900,9594000,-6461.46777,-16748.5703,16887.1992
145200,9612000,-6461.51367,-16730.6934,16921.5078
145500,9630000,-6461.5293,-16661.2734,16833.8906
145800,9648000,-6461.51953,-16770.0527,16852.4414
146100,9666000,-6461.55078,-16684.5137,16821.4707
146400,9684000,-6461.4375,-16932.0684,17035.5352
146700,9702000,-6461.46533,-16774.5234,16939.0273
147000,9720000,-6461.461429999999,-16830.5078,16964.9961
147300,9738000,-6461.34912,-16895.9746,17093.0605
147600,9756000,-6461.23242,-17164.7148,17278.4199
147900,9774000,-6460.95215,-17448.666,17577.5742
148200,9792000,-6460.8588899999995,-17234.2793,17467.7148
148500,9810000,-6460.92676,-17284.8613,17552.5996
148800,9828000,-6461.06641,-17323.5273,17421.9336
149100,9846000,-6461.0166,-17500.0918,17577.6973
149400,9864000,-6460.94189,-17359.5449,17569.4961
149700,9882000,-6460.83789,-17546.6484,17736.0605
150000,9900000,-6460.90088,-17406.4531,17598.4609
150300,9918000,-6460.791020000001,-17708.7832,17825.6699
150600,9936000,-6460.40088,-18010.9922,18164.3613
150900,9954000,-6460.5459,-17886.5059,18028.418
151200,9972000,-6460.773929999999,-17655.5918,17814.1543
151500,9990000,-6460.36719,-18007.7617,18208.7676
151800,10008000,-6460.60156,-17888.0078,18021.7344
152100,10026000,-6460.45605,-18019.2129,18158.2324
152400,10044000,-6460.36377,-18096.4453,18276.5
152700,10062000,-6460.23633,-18246.5391,18401.4746
153000,10080000,-6460.11865,-18426.3789,18523.2461
153300,10098000,-6460.146970000001,-18449.2402,18598.1582
153600,10116000,-6460.45605,-18190.5664,18319.5938
153900,10134000,-6460.25098,-18161.2891,18374.6777
154200,10152000,-6460.36182,-18040.7578,18178.4473
154500,10170000,-6460.740229999999,-17757.4531,17929.1113
154800,10188000,-6460.54492,-17777.1367,17982.3008
155100,10206000,-6460.65723,-17799.4688,17975.5391
155400,10224000,-6460.478029999999,-17943.9707,18080.8887
155700,10242000,-6460.59277,-18018.459,18088.1758
156000,10260000,-6460.58496,-18038.4434,18134.3105
156300,10278000,-6460.43066,-17925.291,18115.3906
156600,10296000,-6460.57715,-18028.5215,18066.9609
156900,10314000,-6460.4834,-17976.1191,18141.6328
157200,10332000,-6460.288570000001,-18201.3398,18450.373
157500,10350000,-6460.21289,-18313.375,18480.0566
157800,10368000,-6460.56494,-17922.8184,18039.8223
158100,10386000,-6460.59961,-17924.3633,18039.9004
158400,10404000,-6460.697270000001,-17797.2812,17938.4277
158700,10422000,-6460.49707,-18049.2871,18169.2832
159000,10440000,-6460.57373,-17832.6211,18004.9824
159300,10458000,-6460.60254,-17982.7773,18008.793
159600,10476000,-6460.4248,-18047.9238,18248.6191
159900,10494000,-6460.240720000001,-18284.1953,18469.8066
160200,10512000,-6459.88965,-18687.082,18846.1289
160500,10530000,-6459.73779,-19018.498,19104.7012
160800,10548000,-6459.843260000001,-18789.5117,18981.9199
161100,10566000,-6459.7373,-18879.0254,19034.4492
161400,10584000,-6459.62939,-19104.5957,19205.9102
161700,10602000,-6459.85693,-18693.1191,18834.8906
162000,10620000,-6459.84619,-18845.0293,18935.1582
162300,10638000,-6459.68994,-19037.4883,19229.7363
162600,10656000,-6459.68848,-19104.4785,19204.6523
162900,10674000,-6459.56152,-19103.873,19320.0312
163200,10692000,-6459.6411100000005,-19015.7812,19186.7148
163500,10710000,-6459.72412,-18882.4277,19048.3945
163800,10728000,-6459.57666,-18985.6191,19225.0898
164100,10746000,-6459.25342,-19471.2402,19651.4336
164400,10764000,-6459.32568,-19574.7617,19718.3086
164700,10782000,-6459.10938,-19898.9434,19941.8125
165000,10800000,-6458.84473,-20080.582,20202.1582
165300,10818000,-6459.11084,-19761.3516,19906.4512
165600,10836000,-6459.1665,-19666.9316,19866.6738
165900,10854000,-6459.062989999999,-19908.5469,20123.5234
166200,10872000,-6459.15967,-19618.5059,19767.4355
166500,10890000,-6459.08691,-19677.4727,19822.8848
166800,10908000,-6459.375,-19502.7305,19602.7148
167100,10926000,-6458.990720000001,-19865.4844,20028.1875
167400,10944000,-6459.31934,-19622.541,19691.7266
167700,10962000,-6459.125489999999,-19623.3398,19798.3926
168000,10980000,-6459.3916,-19348.7051,19465.0137
168300,10998000,-6459.48242,-19295.9395,19434.0234
168600,11016000,-6459.23877,-19374.6895,19590.4922
168900,11034000,-6459.28467,-19621.123,19759.1328
169200,11052000,-6459.50635,-19260.1504,19472.6191
169500,11070000,-6459.35742,-19420.6973,19600.6289
169800,11088000,-6459.30615,-19367.9922,19582.8301
170100,11106000,-6459.3286100000005,-19585.0684,19655.9023
170400,11124000,-6459.31494,-19390.3047,19593.0605
170700,11142000,-6459.615229999999,-18924.5098,19142.5996
171000,11160000,-6459.98242,-18755.4922,18843.8223
171300,11178000,-6460.10059,-18613.9668,18747.625
171600,11196000,-6460.2832,-18349.5293,18508.1602
171900,11214000,-6460.10156,-18498.4902,18645.377
172200,11232000,-6460.01318,-18623.8887,18750.2188
172500,11250000,-6459.88525,-18776.4199,18956.4648
172800,11268000,-6459.771479999999,-18966.1875,19185.6953
173100,11286000,-6459.66895,-18986.252,19150.8945
173400,11304000,-6459.52344,-19250.1348,19427.168
173700,11322000,-6459.13379,-19625.0938,19776.0137
174000,11340000,-6459.430179999999,-19504.7109,19552.6777
174300,11358000,-6459.19141,-19707.6055,19840.4512
174600,11376000,-6458.95117,-19882.293,20059.9062
174900,11394000,-6458.94336,-19965.2441,20169.8398
175200,11412000,-6459.03223,-20116.7617,20224.1562
175500,11430000,-6458.75635,-20324.1035,20503.7812
175800,11448000,-6458.42529,-20443.2422,20721.3047
176100,11466000,-6458.555179999999,-20692.1914,20833.2598
176400,11484000,-6458.4013700000005,-20557.4395,20795.3652
176700,11502000,-6458.25098,-20667.8594,20913.4219
177000,11520000,-6458.259770000001,-20683.8711,20836.6426
177300,11538000,-6458.166020000001,-20926.3379,21167.1465
177600,11556000,-6458.45117,-20588.5371,20792.5508
177900,11574000,-6458.68994,-20393.0332,20549.3301
178200,11592000,-6458.3173799999995,-20713.5684,20911.9434
178500,11610000,-6458.3833,-20591.4805,20793.4062
178800,11628000,-6458.4292,-20709.1895,20808.9062
179100,11646000,-6458.50195,-20414.9473,20626.0781
179400,11664000,-6458.60645,-20506.0176,20614.0254
179700,11682000,-6458.83936,-20189.4707,20325.1094
180000,11700000,-6458.9213899999995,-20143.957,20159.5039
180300,11718000,-6458.68652,-20272.1562,20371.9062
180600,11736000,-6458.853520000001,-20104.7891,20187.2988
180900,11754000,-6458.8335,-20086.0039,20238.0566
181200,11772000,-6458.80957,-20061.8867,20244.0742
181500,11790000,-6458.76367,-20227.4395,20345.2266
181800,11808000,-6458.6748,-20401.1484,20513.457
182100,11826000,-6458.55664,-20572.1074,20624.168
182400,11844000,-6458.35498,-20756.8574,20905.1152
182700,11862000,-6458.33301,-20668.2891,20904.498
183000,11880000,-6458.27246,-20781.9219,20931.0801
183300,11898000,-6458.45459,-20728.1211,20814.9727
183600,11916000,-6458.43896,-20798.207,20872.5098
183900,11934000,-6458.43066,-20648.541,20852.4316
184200,11952000,-6458.41309,-20613.7578,20812.7441
184500,11970000,-6458.60156,-20411.2246,20541.0254
184800,11988000,-6458.57666,-20284.5645,20468.8652
185100,12006000,-6458.51562,-20270.6309,20552.2949
185400,12024000,-6458.78223,-20279.0859,20423.5039
185700,12042000,-6458.74219,-20191.1523,20393.1289
186000,12060000,-6458.74219,-20211.332,20358.8242
186300,12078000,-6458.4834,-20456.0371,20552.2168
186600,12096000,-6458.4248,-20845.8105,20936.9805
186900,12114000,-6458.10938,-21054.5664,21232.8086
187200,12132000,-6457.99805,-20928.4551,21149.707
187500,12150000,-6458.0752,-20935.1406,21077.7383
187800,12168000,-6458.1377,-20818.2617,21077.877
188100,12186000,-6457.88672,-21295.041,21514.1641
188400,12204000,-6457.81494,-21282.6934,21390.5156
188700,12222000,-6457.9292,-21194.0938,21348.625
189000,12240000,-6457.84375,-21279.0918,21522.8926
189300,12258000,-6457.79443,-21353.502,21535.082
189600,12276000,-6457.8916,-21276.0156,21383.5234
189900,12294000,-6457.66016,-21652.0898,21792.6641
190200,12312000,-6457.28369,-21984.8164,22101.2129
190500,12330000,-6456.937010000001,-22382.4434,22597.1602
190800,12348000,-6456.68066,-22693.4941,22810.584
191100,12366000,-6456.59229,-22867.1582,23067.4355
191400,12384000,-6456.6626,-22764.3457,22974.3984
191700,12402000,-6456.47998,-22898.248,23120.5176
192000,12420000,-6456.72754,-22785.2559,22899.1113
192300,12438000,-6456.5473600000005,-22767.2637,22990.418
192600,12456000,-6456.6958,-22769.125,22910.4395
192900,12474000,-6456.9043,-22429.2344,22617.2285
193200,12492000,-6456.75684,-22800.0586,22880.5
193500,12510000,-6456.56787,-22868.3711,23046.043
193800,12528000,-6456.562010000001,-22948.0938,23164.6035
194100,12546000,-6456.625,-22823.7891,22999.3535
194400,12564000,-6456.6001,-22803.6543,22997.4336
194700,12582000,-6456.72998,-22915.0605,22975.7422
195000,12600000,-6456.55469,-22925.5098,23101.9961
195300,12618000,-6456.5161100000005,-23128.8613,23290.6699
195600,12636000,-6456.21973,-23274.707,23480.9141
195900,12654000,-6456.19775,-23271.373,23477.7109
196200,12672000,-6456.35498,-23084.252,23285.9199
196500,12690000,-6456.52441,-22917.3613,23132.7832
196800,12708000,-6456.33154,-23231.1875,23340.9531
197100,12726000,-6456.48535,-22921.5723,23211.0527
197400,12744000,-6456.35596,-23055.8652,23297.6895
197700,12762000,-6456.14844,-23302.5156,23561.3633
198000,12780000,-6455.9707,-23637.1445,23799.8145
198300,12798000,-6455.80615,-23867.0957,24067.6582
198600,12816000,-6455.78711,-23954.625,24173.9922
198900,12834000,-6455.15967,-24544.2227,24775.9473
199200,12852000,-6455.18848,-24657.8496,24794.082
199500,12870000,-6455.398929999999,-24352.0449,24514.6152
199800,12888000,-6455.51953,-24252.9141,24416.4492
200100,12906000,-6455.68555,-24263.627,24262.2949
200400,12924000,-6455.58105,-24272.1953,24407.9922
200700,12942000,-6455.6377,-24250.9629,24386.3594
201000,12960000,-6455.23047,-24511.0566,24683.9473
201300,12978000,-6455.54785,-24364.7871,24523.0977
201600,12996000,-6455.65479,-24202.0195,24252.8965
201900,13014000,-6455.812010000001,-23840.0449,24030.4727
202200,13032000,-6455.67383,-24170.9434,24262.1113
202500,13050000,-6455.43115,-24203.8848,24450.6172
202800,13068000,-6455.46191,-24416.4414,24586.7383
203100,13086000,-6455.32129,-24484.8145,24658.4902
203400,13104000,-6455.22119,-24598.0156,24775.7266
203700,13122000,-6454.92285,-24959.7051,25153.0137
204000,13140000,-6455.00098,-24929.7676,25111.3477
204300,13158000,-6454.8588899999995,-24931.4648,25138.6699
204600,13176000,-6454.99609,-24821.4883,25005.2461
204900,13194000,-6454.91943,-24881.6113,25078.5312
205200,13212000,-6454.94824,-24850.8457,25071.1035
205500,13230000,-6454.87695,-25021.0488,25129.0723
205800,13248000,-6454.83252,-25169.1074,25373.7559
206100,13266000,-6454.5673799999995,-25531.7852,25654.707
206400,13284000,-6454.54395,-25629.6797,25725.9062
206700,13302000,-6454.384279999999,-25584.1719,25761.8613
207000,13320000,-6454.53418,-25396.7305,25602.6934
207300,13338000,-6454.67383,-25334.2012,25510.3223
207600,13356000,-6454.7236299999995,-25057.7207,25290.4902
207900,13374000,-6454.62305,-25288.8984,25416.1016
208200,13392000,-6454.43311,-25484.3945,25709.334
208500,13410000,-6454.5498,-25461.9258,25601.6973
208800,13428000,-6454.6792,-25358.5957,25483.5273
209100,13446000,-6454.7451200000005,-25313.0898,25465.9453
209400,13464000,-6454.780760000001,-25131.2773,25299.4863
209700,13482000,-6454.81934,-25124.4844,25254.4062
210000,13500000,-6454.52783,-25252.3906,25439.9922
210300,13518000,-6454.65527,-25465.8926,25528.3379
210600,13536000,-6454.75879,-25156.3184,25335.7656
210900,13554000,-6454.843260000001,-25043.4785,25234.873
211200,13572000,-6454.70703,-25113.1328,25280.0117
211500,13590000,-6454.95801,-25094.1699,25252.4414
211800,13608000,-6454.57959,-25270.8359,25362.5586
212100,13626000,-6454.694820000001,-25329.1602,25447.3301
212400,13644000,-6454.86719,-25151.6055,25299.0566
212700,13662000,-6454.586429999999,-25419.2285,25572.0586
213000,13680000,-6454.47217,-25606.7051,25732.9707
213300,13698000,-6454.5459,-25529.6426,25637.9102
213600,13716000,-6454.59668,-25464.4688,25608.9258
213900,13734000,-6454.37354,-25654.3535,25789.4941
214200,13752000,-6454.36914,-25674.4121,25786.3652
214500,13770000,-6454.51855,-25566.8457,25662.0293
214800,13788000,-6454.42676,-25482.334,25697.2031
215100,13806000,-6454.39746,-25761.0996,25889.459
215400,13824000,-6454.39453,-25600.1172,25820.5215
215700,13842000,-6454.23535,-25828.377,25945.1152
216000,13860000,-6454.259279999999,-25772.6934,25934.5879
216300,13878000,-6454.28418,-25633.7324,25908.5352
216600,13896000,-6454.05615,-25824.7461,26070.1055
216900,13914000,-6454.18213,-25982.4746,26086.4199
217200,13932000,-6454.28955,-25789.8359,25921.707
217500,13950000,-6454.09033,-25834.3848,26040.2148
217800,13968000,-6454.13818,-25921.25,26167.6816
218100,13986000,-6454.11377,-25997.3066,26104.0352
218400,14004000,-6454.2959,-25743.1035,25902.832
218700,14022000,-6454.22705,-25693.4863,25947.9102
219000,14040000,-6454.4526399999995,-25523.873,25625.0527
219300,14058000,-6454.41846,-25575.1836,25737.3828
219600,14076000,-6454.322270000001,-25850.5332,25936.4219
219900,14094000,-6454.0752,-25895.5723,26099.7695
220200,14112000,-6454.2763700000005,-25844.3496,26071.9648
220500,14130000,-6454.1001,-26108.832,26281.7031
220800,14148000,-6453.79395,-26244.252,26411.375
221100,14166000,-6453.80664,-26350.4727,26518.5684
221400,14184000,-6453.68848,-26460.6426,26667.8672
221700,14202000,-6453.68994,-26519.0742,26694.3008
222000,14220000,-6453.76221,-26432.7051,26569.9668
222300,14238000,-6453.384279999999,-26818.5625,26992.8945
222600,14256000,-6453.18408,-27156.9844,27301.041
222900,14274000,-6453.46729,-26678.2949,26889.3164
223200,14292000,-6453.586429999999,-26424.4941,26732.1367
223500,14310000,-6453.48291,-26626.5195,26824.2324
223800,14328000,-6453.31055,-26919.8574,27148.7793
224100,14346000,-6453.51904,-26669.6367,26942.4238
224400,14364000,-6453.6098600000005,-26901.5391,26934.3477
224700,14382000,-6453.52783,-26669.5879,26845.1738
225000,14400000,-6453.56689,-26699.9648,26845.6074
225300,14418000,-6453.70557,-26462.957,26622.4043
225600,14436000,-6453.59473,-26599.1113,26780.209
225900,14454000,-6453.79883,-26494.5039,26602.1562
226200,14472000,-6453.507320000001,-26737.4746,26884.7227
226500,14490000,-6453.5249,-26682.8809,26856.3672
226800,14508000,-6453.58496,-26681.5684,26837.0508
227100,14526000,-6453.6123,-26635.8789,26787.7852
227400,14544000,-6453.22119,-27162.7676,27278.5762
227700,14562000,-6453.5,-26879.8047,26944.5547
228000,14580000,-6453.334470000001,-27157.7832,27244.2891
228300,14598000,-6453.22314,-27202.1582,27245.7578
228600,14616000,-6453.27686,-26870.0723,27054.1777
228900,14634000,-6453.69189,-26689.5801,26873.2871
229200,14652000,-6453.78955,-26584.1816,26689.5371
229500,14670000,-6453.875,-26345.4941,26495.7988
229800,14688000,-6453.60693,-26455.6074,26676.0137
230100,14706000,-6453.48096,-26882.5742,27036.4688
230400,14724000,-6453.32959,-26842.793,27073.3105
230700,14742000,-6453.31006,-27050.6406,27151.9375
231000,14760000,-6453.08691,-27263.8984,27396.8789
231300,14778000,-6453.155760000001,-27158.8887,27339.3379
231600,14796000,-6453.53027,-26764.6055,26836.2109
231900,14814000,-6453.33057,-26894.6445,27124.9102
232200,14832000,-6453.41162,-26860.8477,26996.0293
232500,14850000,-6453.62256,-26596.8164,26804.3652
232800,14868000,-6453.57129,-26696.3848,26903.4023
233100,14886000,-6453.37061,-26876.2012,27131.6504
233400,14904000,-6453.06152,-27205.6465,27410.2891
233700,14922000,-6453.271479999999,-26980.2734,27193.5195
234000,14940000,-6452.9541,-27317.2715,27584.6621
234300,14958000,-6452.81934,-27592.9375,27785.2363
234600,14976000,-6453.06641,-27525.1816,27631.0449
234900,14994000,-6452.87695,-27525.752,27780.1758
235200,15012000,-6452.8701200000005,-27418.2617,27639.8926
235500,15030000,-6452.85547,-27461.9355,27667.0391
235800,15048000,-6452.69629,-27758.5664,27974.7676
236100,15066000,-6452.405760000001,-28140.1172,28297.1973
236400,15084000,-6452.353029999999,-28056.0059,28223.1582
236700,15102000,-6452.58936,-27799.668,28025.9688
237000,15120000,-6452.33789,-28073.7148,28316.3438
237300,15138000,-6452.33691,-28186.8379,28346.8398
237600,15156000,-6452.17432,-28330.875,28512.6289
237900,15174000,-6452.021,-28559.4883,28726.1211
238200,15192000,-6452.09814,-28529.7539,28700.1094
238500,15210000,-6452.19922,-28493.1621,28686.2891
238800,15228000,-6452.39355,-28162.4043,28239.6777
239100,15246000,-6451.9585,-28494.9512,28816.6387
239400,15264000,-6452.12598,-28414.6191,28604.125
239700,15282000,-6452.19189,-28464.6719,28623.4121
240000,15300000,-6452.541020000001,-28015.8027,28127.0273
240300,15318000,-6452.771970000001,-27709.4902,27867.8516
240600,15336000,-6452.656739999999,-27683.1914,27886.373
240900,15354000,-6452.90381,-27494.793,27658.3008
241200,15372000,-6452.67383,-27894.1035,27944.6328
241500,15390000,-6452.711429999999,-27885.0586,27988.3633
241800,15408000,-6452.61328,-27756.9941,27904.2578
242100,15426000,-6453.04443,-27365.3711,27531.4648
242400,15444000,-6453.01465,-27488.0742,27584.3457
242700,15462000,-6452.9111299999995,-27445.0801,27685.9219
243000,15480000,-6452.9423799999995,-27377.6523,27647.3086
243300,15498000,-6452.92432,-27440.0234,27595.7461
243600,15516000,-6452.91016,-27402.9062,27599.166
243900,15534000,-6452.98584,-27300.4512,27472.9043
244200,15552000,-6453.0752,-27326.8926,27462.8418
244500,15570000,-6452.79199,-27449.9004,27692.1523
244800,15588000,-6453.23096,-27126.1309,27336.8457
245100,15606000,-6453.25293,-27207.0078,27287.9609
245400,15624000,-6453.28516,-27086.2129,27255.5352
245700,15642000,-6453.0459,-27342.4062,27504.2207
246000,15660000,-6453.37793,-26977.1504,27140.8711
246300,15678000,-6453.23291,-27227.3516,27320.0645
246600,15696000,-6453.27295,-27007.7148,27169.5898
246900,15714000,-6453.1123,-27165.2461,27393.5117
247200,15732000,-6452.76123,-27646.5918,27757.3887
247500,15750000,-6453.15527,-27211.4375,27359.1836
247800,15768000,-6453.21191,-27022.002,27235.5273
248100,15786000,-6453.01465,-27325.0957,27458.9961
248400,15804000,-6452.96289,-27339.8594,27528.3379
248700,15822000,-6452.7417,-27682.1191,27813.6191
249000,15840000,-6452.26123,-28167.7266,28383.2461
249300,15858000,-6452.42432,-28101.5215,28191.8242
249600,15876000,-6452.33594,-28294.8516,28396.7559
249900,15894000,-6452.32422,-28293.8379,28473.3438
250200,15912000,-6452.384770000001,-27954.3613,28114.9316
250500,15930000,-6452.343260000001,-28030.6973,28270.3594
250800,15948000,-6452.3486299999995,-28151.334,28258.3691
251100,15966000,-6452.3291,-28235.5371,28358.6543
251400,15984000,-6452.35205,-28049.8438,28254.8301
251700,16002000,-6452.33154,-28088.3496,28297.043
252000,16020000,-6452.31104,-28040.6016,28279.291
252300,16038000,-6452.30908,-28063.6797,28240.1699
252600,16056000,-6452.2876,-28173.0078,28363.0137
252900,16074000,-6452.08496,-28386.4961,28553.6855
253200,16092000,-6451.9165,-28704.6582,28812.3887
253500,16110000,-6451.62842,-29211.3379,29292.9609
253800,16128000,-6451.69971,-28987.5,29216.4902
254100,16146000,-6451.6826200000005,-28815.0586,29055.9609
254400,16164000,-6451.749510000001,-28876.5742,29049.4453
254700,16182000,-6451.8125,-28787.4785,28905.2148
255000,16200000,-6451.7915,-28913.0645,29054.4414
255300,16218000,-6451.812989999999,-28880.4902,28971.0273
255600,16236000,-6452.05127,-28442.5508,28678.6133
255900,16254000,-6451.61279,-28877.5156,29078.9473
256200,16272000,-6452.02344,-28572.6797,28749.7637
256500,16290000,-6451.89355,-28724.418,28842.1719
256800,16308000,-6451.84668,-28703.3906,28949.6699
257100,16326000,-6451.61865,-28964.0801,29139.4199
257400,16344000,-6451.896479999999,-28673.1426,28821.0703
257700,16362000,-6451.89355,-28768.6797,28938.9062
258000,16380000,-6452.40625,-28212.416,28299.2773
258300,16398000,-6452.03467,-28408.6328,28605.7207
258600,16416000,-6452.44629,-27757.9121,28045.8809
258900,16434000,-6452.48438,-27991.6074,28101.3125
259200,16452000,-6452.73975,-27725.8828,27840.8691
259500,16470000,-6452.55957,-27764.0879,27972.4824
259800,16488000,-6452.99414,-27364.4492,27575.0078
260100,16506000,-6453.06006,-27266.1172,27472.0254
260400,16524000,-6453.43457,-26931.3828,27036.1562
260700,16542000,-6453.1123,-27106.2051,27295.8379
261000,16560000,-6452.99219,-27245.6758,27410.2852
261300,16578000,-6453.07324,-27305.791,27402.4102
261600,16596000,-6452.95996,-27150.5312,27386.3867
261900,16614000,-6453.28711,-27053.9004,27216.6406
262200,16632000,-6453.43066,-26754.5312,26954.4785
262500,16650000,-6453.35742,-26871.998,27024.7363
262800,16668000,-6453.41504,-26744.2207,26884.9082
263100,16686000,-6453.81885,-26326.3945,26484.4102
263400,16704000,-6453.76172,-26375.7949,26569.4844
263700,16722000,-6453.90479,-26079.4473,26277.6387
264000,16740000,-6453.95996,-26304.5391,26447.1367
264300,16758000,-6453.6713899999995,-26471.3926,26630.1055
264600,16776000,-6453.50293,-26610.0117,26836.418
264900,16794000,-6453.50439,-26654.8613,26843.5234
265200,16812000,-6453.60156,-26683.4863,26783.7812
265500,16830000,-6453.56543,-26521.3633,26743.4492
265800,16848000,-6453.65039,-26320.6035,26614.8789
266100,16866000,-6453.37695,-26588.0879,26843.9062
266400,16884000,-6453.208979999999,-27035.8535,27153.1621
266700,16902000,-6453.01953,-27233.0488,27393.3965
267000,16920000,-6452.82666,-27496.1172,27668.332
267300,16938000,-6452.74561,-27652.2461,27808.209
267600,16956000,-6452.79297,-27459.8301,27688.7754
267900,16974000,-6453.08838,-27124.0566,27316.5547
268200,16992000,-6452.82373,-27433.4258,27627.9961
268500,17010000,-6452.54541,-27954.5898,28095.3438
268800,17028000,-6452.3584,-28013.4414,28228.7578
269100,17046000,-6452.38525,-28120.3652,28237.9609
269400,17064000,-6452.34912,-28045.9043,28236.3926
269700,17082000,-6452.0874,-28511.7344,28657.4746
270000,17100000,-6452.08105,-28413.3965,28556.5
270300,17118000,-6451.99609,-28406.1387,28642.9844
270600,17136000,-6451.99414,-28501.9316,28676.1914
270900,17154000,-6452.04932,-28440.6738,28619.4082
271200,17172000,-6452.22168,-28269.9102,28419.4395
271500,17190000,-6451.93604,-28537.8438,28777.6523
271800,17208000,-6451.86084,-28784.9473,28835.0977
272100,17226000,-6451.76562,-28754.3398,28951.3652
272400,17244000,-6451.875,-28765.875,28856.8164
272700,17262000,-6452.03809,-28582.4766,28653.0957
273000,17280000,-6451.96045,-28628.3535,28814.2949
273300,17298000,-6451.790529999999,-28671.0566,28876.5547
273600,17316000,-6451.77295,-28615.3223,28824.7422
273900,17334000,-6451.99707,-28592.9062,28686.0449
274200,17352000,-6451.99121,-28583.6582,28723.7422
274500,17370000,-6451.97168,-28632.0781,28804.3203
274800,17388000,-6451.86475,-28569.9121,28721.3262
275100,17406000,-6452.47656,-27995.4648,28067.8066
275400,17424000,-6452.4326200000005,-27992.2734,28144.6855
275700,17442000,-6452.405760000001,-28001.8652,28182.8203
276000,17460000,-6452.00537,-28518.4082,28711.4766
276300,17478000,-6452.055179999999,-28448.9453,28555.6289
276600,17496000,-6451.8588899999995,-28749.7168,28904.8125
276900,17514000,-6451.98779,-28425.8496,28603.5059
277200,17532000,-6452.11279,-28436.7676,28589.4766
277500,17550000,-6452.101070000001,-28411.957,28549.5508
277800,17568000,-6452.34082,-28038.8066,28159.7734
278100,17586000,-6452.55029,-27804.2363,28030.8184
278400,17604000,-6452.63916,-27855.3945,27906.7324
278700,17622000,-6452.58154,-27718.0586,27978.1562
279000,17640000,-6452.42871,-27913.5352,28066.0645
279300,17658000,-6452.71777,-27757.3887,27840.0449
279600,17676000,-6452.3388700000005,-28141.2734,28347.8125
279900,17694000,-6452.26123,-28237.6289,28410.7305
280200,17712000,-6452.1416,-28242.9023,28473.0801
280500,17730000,-6452.26807,-28317.5059,28408.373
280800,17748000,-6451.70215,-28808.2559,28952.5469
281100,17766000,-6451.6958,-28813.252,29010.0781
281400,17784000,-6451.78271,-28851.3633,28983.5371
281700,17802000,-6451.87744,-28511.3965,28745.459
282000,17820000,-6452.03906,-28482.0996,28580.5
282300,17838000,-6452.39746,-28102.7832,28257.9102
282600,17856000,-6452.3418,-28035.0137,28198.9941
282900,17874000,-6452.41797,-28002.9414,28132.9883
283200,17892000,-6452.7876,-27585.8145,27722.1543
283500,17910000,-6452.52344,-27981.8418,28069.1133
283800,17928000,-6452.3173799999995,-28069.1367,28196.7812
284100,17946000,-6452.538570000001,-27935.668,28092.7148
284400,17964000,-6452.31787,-28036.4336,28209.5625
284700,17982000,-6452.18945,-28191.4473,28418.8281
285000,18000000,-6452.10547,-28252.8066,28454.1055
285300,18018000,-6452.19434,-28280.9902,28451.4434
285600,18036000,-6452.1958,-28208.7949,28394.7695
285900,18054000,-6452.01074,-28341.8926,28586.1191
286200,18072000,-6452.0473600000005,-28474.8125,28661.1074
286500,18090000,-6452.08203,-28355.5371,28534.8574
286800,18108000,-6452.12061,-28285.0449,28440.4004
287100,18126000,-6452.35205,-28037.3242,28183.8281
287400,18144000,-6452.37842,-27998.291,28193.0566
287700,18162000,-6452.46631,-27907.4004,28145.1406
288000,18180000,-6452.70703,-27739.7773,27907.584
288300,18198000,-6452.812010000001,-27545.3105,27675.332
288600,18216000,-6452.70654,-27527.1367,27753.8574
288900,18234000,-6452.56396,-27688.3477,27834.5156
289200,18252000,-6452.64453,-27600.9648,27880.9531
289500,18270000,-6452.76904,-27545.457,27743.2773
289800,18288000,-6452.913570000001,-27459.9141,27570.3438
290100,18306000,-6452.86084,-27396.918,27597.6758
290400,18324000,-6452.999510000001,-27223.5449,27411.707
290700,18342000,-6453.12891,-27083.6523,27308.0977
291000,18360000,-6453.312010000001,-26693.4297,26880.8555
291300,18378000,-6453.33691,-26817.0137,26987.3262
291600,18396000,-6453.43994,-26684.2383,26873.1758
291900,18414000,-6453.12939,-27040.2559,27191.0176
292200,18432000,-6453.1401399999995,-27086.5879,27244.5215
292500,18450000,-6453.06348,-27149.668,27289.2793
292800,18468000,-6453.30908,-27025.0527,27041.2148
293100,18486000,-6452.853520000001,-27356.6738,27579.877
293400,18504000,-6453.08154,-27078.2559,27211.5137
293700,18522000,-6453.375,-26898.3789,27000.9316
294000,18540000,-6453.5161100000005,-26647.1445,26813.0645
294300,18558000,-6453.17578,-26848.8945,27079.7344
294600,18576000,-6453.14551,-27052.334,27279.5371
294900,18594000,-6452.9707,-27279.1953,27485.0996
295200,18612000,-6452.71484,-27514.4062,27709.9395
295500,18630000,-6452.74756,-27567.8457,27702.4688
295800,18648000,-6452.805179999999,-27472.627,27615.7227
296100,18666000,-6452.819820000001,-27390.9883,27627.4473
296400,18684000,-6452.63818,-27561.2031,27833.373
296700,18702000,-6452.7666,-27375.0352,27558.4648
297000,18720000,-6452.71094,-27632.0684,27752.498
297300,18738000,-6452.80713,-27578.6914,27726.4082
297600,18756000,-6452.70166,-27761.5918,27863.6953
297900,18774000,-6452.32812,-28095.0781,28275.3262
298200,18792000,-6452.48047,-27943.3828,28113.5957
298500,18810000,-6452.33936,-28013.6348,28187.1426
298800,18828000,-6452.10742,-28300.1934,28442.8047
299100,18846000,-6451.89404,-28508.2773,28623.2402
299400,18864000,-6451.68652,-28806.0078,29042.7168
299700,18882000,-6451.56836,-28981.1699,29138.1289
300000,18900000,-6451.41797,-29108.3887,29308.127
